,ticker,security,outlook,rating,use,trust,upward_trend,outlook_date,sector_x,industry_x,sector_y,industry_y,webscrape_date,net_income,ft_employee,div_yield,one_year,three_year,five_year,ten_year,fifteen_year,rd,peg,profit_margin,roa,roe
0,AAL.L,Anglo American plc,,,,,,,Basic Materials,Other Industrial Metals & Mining,,,,,,,,,,,,,,,,
1,ABG,Asbury Automotive Group,60.0,3.8,1,0,maybe,9/8/19,Consumer Cyclical,Auto & Truck Dealerships,,,,,,,,,,,,,,,,
2,ABMD,Abiomed Inc,,,,,,,Healthcare,Medical Devices,,,,,,,,,,,,,,,,
3,ABNB,Airbnb,,,,,,,,,,,,,,,,,,,,,,,,
4,ACB,Aurora Cannabis Inc.,,,,,,,Healthcare,Drug Manufacturers‚Äö√Ñ√ÆSpecialty & Generic,,,,,,,,,,,,,,,,
5,ACIW,ACI Worldwide,,,,,,,Technology,Software - Infrastructure,,,,,,,,,,,,,,,,
6,ACM,AECOM,44.0,3.2,,,,9/8/19,Industrials,Engineering & Construction,,,,,,,,,,,,,,,,
7,ADANIPORTS.NS,Adani Ports and Special Economic Zone Limited,,,,,,,Industrials,Marine Shipping,,,,,,,,,,,,,,,,
8,ADBE,Adobe Systems,87.0,4.3,0,0,yes,11/3/20,Technology,Software - Infrastructure,,,,,,,,,,,,,,,,
9,ADSK,Autodesk,64.0,,f,0,yes,8/4/18,Technology,Software - Application,,,,,,,,,,,,,,,,
10,ADYEY,Adyen,,,,,,,Technology,Software - Infrastructure,,,,,,,,,,,,,,,,
11,AGN,"Allergan, Plc",46.0,,1,0,,8/4/18,Healthcare,Drug Manufacturers - Specialty & Generic,,,,,,,,,,,,,,,,
12,AKAM,Akamai Technologies,51.0,,,0,,8/4/18,Technology,Software - Application,,,,,,,,,,,,,,,,
13,AKS,AK Steel Holding,,,,,,,Basic Materials,Steel,,,,,,,,,,,,,,,,
14,ALGN,AlignTech (Invisalign),84.0,4.4,0,0,yes,11/3/20,Healthcare,Medical Devices,,,,,,,,,,,,,,,,
15,ALXN,Alexion Pharmaceuticals,33.0,,1,0,,8/4/18,Healthcare,Biotechnology,,,,,,,,,,,,,,,,
16,AMTD,TD Ameritrade Holding,57.0,,0,0,maybe,8/4/18,Financial Services,Capital Markets,,,,,,,,,,,,,,,,
17,AMWL,Amwell,,,,,,,,,,,,,,,,,,,,,,,,
18,AMZN,Amazon.com,71.0,3.9,0,0,yes,11/5/20,Consumer Cyclical,Specialty Retail,,,,,,,,,,,,,,,,
19,ANTHM,Anthem,,,,,,,,,,,,,,,,,,,,,,,,
20,ARAY,Accuray Incorporated,,,,,,,Healthcare,Medical Devices,,,,,,,,,,,,,,,,
21,ARNC,Arconic,36.0,,1,0,,8/4/18,Industrials,Diversified Industrials,,,,,,,,,,,,,,,,
22,ARRY,Array BioPharma Inc.,,,,,too early,,,,,,,,,,,,,,,,,,,
23,ASNA,Ascena Retail Group,,,,,,,Consumer Cyclical,Apparel Stores,,,,,,,,,,,,,,,,
24,AXE,Anixter International,,,,,,,Industrials,Industrial Distribution,,,,,,,,,,,,,,,,
25,AXL,American Axle & Manufacturing,,,,,,,Consumer Cyclical,Auto Parts,,,,,,,,,,,,,,,,
26,AZO,AutoZone,42.0,,1,0,,8/4/18,Consumer Cyclical,Specialty Retail,,,,,,,,,,,,,,,,
27,BABA,Alibaba,68.0,3.9,1,1,maybe,11/3/20,Consumer Cyclical,Specialty Retail,,,,,,,,,,,,,,,,
28,BECN,Beacon Roofing Supply,,,,,,,Basic Materials,Building Materials,,,,,,,,,,,,,,,,
29,BERY,Berry Global Group,,,,,,,Consumer Cyclical,Packaging & Containers,,,,,,,,,,,,,,,,
30,BF-B,Brown-Forman,83.0,,1,0,yes,8/4/18,Consumer Defensive,Beverages - Wineries & Distilleries,,,,,,,,,,,,,,,,
31,BILI,Bilibili Inc,,,,,maybe,,,,,,,,,,,,,,,,,,,
32,BITA,Bitauto Holdings Limited,,,,,,,Consumer Cyclical,Advertising Agencies,,,,,,,,,,,,,,,,
33,BKI,Black Knight,,,1,0,,8/4/18,Technology,Software - Infrastructure,,,,,,,,,,,,,,,,
34,BKNG,Booking Holdings,,,,,,,Consumer Cyclical,Leisure,,,,,,,,,,,,,,,,
35,BKS,Barnes & Noble,27.0,,0,0,,8/4/18,Consumer Cyclical,Specialty Retail,,,,,,,,,,,,,,,,
36,BL,Blackline,,,,,,,,,,,,,,,,,,,,,,,,
37,BLDP,Ballard Power Systems,,,,,,,,,,,,,,,,,,,,,,,,
38,BLDR,Builders FirstSource,,,,,,,Basic Materials,Building Materials,,,,,,,,,,,,,,,,
39,BPTH,Bio-Path,,,,,,,,,,,,,,,,,,,,,,,,
40,BRK.A,Berkshire Hathaway,44.0,3.1,1,0,yes,9/8/19,Financial Services,Insurance - Diversified,,,,,,,,,,,,,,,,
41,BURL,Burlington Stores,,,,,maybe,,Consumer Defensive,Discount Stores,,,,,,,,,,,,,,,,
42,BZUN,Baozun Inc.,,,,,,,Consumer Cyclical,Specialty Retail,,,,,,,,,,,,,,,,
43,CA,CA Technologies Inc,40.0,,1,0,,8/4/18,Information Technology,Systems Software,,,,,,,,,,,,,,,,
44,CACC,Credit Acceptance,64.0,3.8,1,0,yes,9/8/19,Financial Services,Credit Services,,,,,,,,,,,,,,,,
45,CATX,Credit Acceptance Corp,,,,,,,,,,,,,,,,,,,,,,,,
46,CBS,CBS,52.0,,0,0,,8/4/18,Consumer Cyclical,Media - Diversified,,,,,,,,,,,,,,,,
47,CCK,Crown Holdings,57.0,,1,0,,8/4/18,Consumer Cyclical,Packaging & Containers,,,,,,,,,,,,,,,,
48,CELG,Celgene,69.0,,1,0,,8/4/18,Healthcare,Drug Manufacturers - Major,,,,,,,,,,,,,,,,
49,CGROU,Collective Growth Corp,,,,,,,,,,,,,,,,,,,,,,,,
50,CODX,Co-Diagnostics,,,,,,,,,,,,,,,,,,,,,,,,
51,COMP,NASDAQ Composite Index,,,,,,,,,,,,,,,,,,,,,,,,
52,CPRT,Copart Inc,,,,,,,,,,,,,,,,,,,,,,,,
53,CRM,salesforce.com,84.0,,0,0,yes,8/4/18,Technology,Software - Application,,,,,,,,,,,,,,,,
54,CRWD,"CrowdStrike Holdings, Inc.",,,,,,,Technology,Software - Infrastructure,,,,,,,,,,,,,,,,
55,CSGP,CoStar Group,,,,,,,,,,,,,,,,,,,,,,,,
56,CYH,Community Health Systems,,,,,,,Healthcare,Medical Care,,,,,,,,,,,,,,,,
57,CYOU,Changyou.com Limited,,,1,0,,8/4/18,Technology,Electronic Gaming & Multimedia,,,,,,,,,,,,,,,,
58,DASH,DoorDash,,,,,too early,,,,,,,,,,,,,,,,,,,
59,DDOG,Datadog,,,,,yes,,,,,,,,,,,,,,,,,,,
60,DF,Dean Foods,,,,,,,Consumer Defensive,Packaged Foods,,,,,,,,,,,,,,,,
61,DHXM,DHX Media,,,,,,,,,,,,,,,,,,,,,,,,
62,DISCK,Discovery,,,,,,,Consumer Cyclical,Media - Diversified,,,,,,,,,,,,,,,,
63,DNN,Denison Mines,,,,,,,,,,,,,,,,,,,,,,,,
64,DOMO,Domo,,,,,too early,,Technology,Software - Application,,,,,,,,,,,,,,,,
65,DPS,Dr Pepper Snapple Group,36.0,,0,0,,8/4/18,Consumer Defensive,Beverages - Soft Drinks,,,,,,,,,,,,,,,,
66,DYNT,Dynatronics,,,,,,,,,,,,,,,,,,,,,,,,
67,EADSF,Airbus,55.0,4.1,0,0,yes,9/8/19,Industrials,Aerospace & Defense,,,,,,,,,,,,,,,,
68,ECPG,Encore Capital Group,,,,,,,,,,,,,,,,,,,,,,,,
69,EICHERMOT.NS,Eicher Motors Limited,,,,,,,,,,,,,,,,,,,,,,,,
70,ESRX,Express Scripts Holding,38.0,,1,0,,8/4/18,Healthcare,Health Care Plans,,,,,,,,,,,,,,,,
71,ETP,Energy Transfer Partners L.P.,66.0,,1,1,too early,8/4/18,,,,,,,,,,,,,,,,,,
72,EVHC,Envision Healthcare,29.0,,1,0,,8/4/18,Healthcare,Medical Care,,,,,,,,,,,,,,,,
73,EXAS,Exact Sciences Corporation,,,,,,,Healthcare,Diagnostics & Research,,,,,,,,,,,,,,,,
74,EXPR,Express,36.0,,0,0,,8/4/18,Consumer Cyclical,Apparel Stores,,,,,,,,,,,,,,,,
75,FB,Facebook,91.0,,0,1,yes,8/4/18,Technology,Internet Content & Information,,,,,,,,,,,,,,,,
76,FDC,First Data,,,,,,,,,,,,,,,,,,,,,,,,
77,FFIV,F5 Networks,49.0,,0,0,,8/4/18,Technology,Software - Infrastructure,,,,,,,,,,,,,,,,
78,FINL,Finish Line,44.0,,0,0,,8/4/18,,,,,,,,,,,,,,,,,,
79,FISV,Fiserv,49.0,,1,0,,8/4/18,Industrials,Business Services,,,,,,,,,,,,,,,,
80,FIVE,Five Below,36.0,3.0,1,0,yes,9/8/19,Consumer Cyclical,Specialty Retail,,,,,,,,,,,,,,,,
81,FLT,Fleetcor Tech,,,,,,,,,,,,,,,,,,,,,,,,
82,FMCC,Freddie Mac,62.0,,1,0,,8/4/18,Financial Services,Specialty Finance,,,,,,,,,,,,,,,,
83,FSLR,First Solar,48.0,,1,0,,8/4/18,Technology,Solar,,,,,,,,,,,,,,,,
84,FTNT,Fortinet Inc,,,,,,,,,,,,,,,,,,,,,,,,
85,FTR,Frontier Communications,18.0,,1,0,,8/4/18,Communication Services,Telecom Services,,,,,,,,,,,,,,,,
86,GHDX,"Genomic Health, Inc.",,,,,,,Healthcare,Diagnostics & Research,,,,,,,,,,,,,,,,
87,GIII,G-III Apparel Group,,,,,,,,,,,,,,,,,,,,,,,,
88,GL,Global Life - Torchmark,42.0,,1,0,,8/4/18,Financial Services,Insurance - Life,,,,,,,,,,,,,,,,
89,GL,Global Life Inc,42.0,,1,0,yes,8/4/18,Financial Services,Insurance - Life,,,,,,,,,,,,,,,,
90,GLUU,Glu Mobile Inc,,,1,0,,8/4/18,Technology,Electronic Gaming & Multimedia,,,,,,,,,,,,,,,,
91,GME,GameStop,27.0,,1,0,,8/4/18,Consumer Cyclical,Specialty Retail,,,,,,,,,,,,,,,,
92,GNC,GNC Holdings,26.0,,1,0,,8/4/18,Consumer Defensive,Pharmaceutical Retailers,,,,,,,,,,,,,,,,
93,GNW,Genworth Financial,,,,,,,Financial Services,Insurance - Life,,,,,,,,,,,,,,,,
94,GOOG,Alphabet,70.0,4.1,,,yes,9/8/19,Technology,Internet Content & Information,,,,,,,,,,,,,,,,
95,GOOGL,Alphabet (Google) (Class A),83.0,,0,0,yes,8/4/18,Technology,Internet Content & Information,,,,,,,,,,,,,,,,
96,GRUB,GrubHub,70.0,,0,0,yes,8/4/18,Technology,Internet Content & Information,,,,,,,,,,,,,,,,
97,HCLTECH.NS,HCL Technologies Limited,,,,,maybe,,,,,,,,,,,,,,,,,,,
98,HCP,HCP,82.0,,1,0,,8/4/18,Real Estate,REIT - Healthcare Facilities,,,,,,,,,,,,,,,,
99,HDB,HDFC Bank,64.0,,1,0,yes,8/4/18,Financial Services,Banks - Regional - Asia,,,,,,,,,,,,,,,,
100,HINDUNILVR.NS,Hindustan Unilever,,,,,,,,,,,,,,,,,,,,,,,,
101,HLF,Herbalife Nutrition Ltd.,,,,,,,Consumer Defensive,Packaged Foods,,,,,,,,,,,,,,,,
102,HMI,Huami,,,,,,,,,,,,,,,,,,,,,,,,
103,HOLX,Hologic,62.0,,1,0,yes,8/4/18,Healthcare,Medical Instruments & Supplies,,,,,,,,,,,,,,,,
104,HSC,Harsco Corp,,,,,,,,,,,,,,,,,,,,,,,,
105,IBN,ICICI Bank,,,,,,,,,,,,,,,,,,,,,,,,
106,ICON,Iconix Brand Group,,,,,,,,,,,,,,,,,,,,,,,,
107,IDXX,IDEXX Laboratories,54.0,,1,0,,8/4/18,Healthcare,Diagnostics & Research,,,,,,,,,,,,,,,,
108,IHRT,iHeartMedia,31.0,,1,0,,8/4/18,Consumer Cyclical,Broadcasting - Radio,,,,,,,,,,,,,,,,
109,IIVI,II-VI Inc,,,,,,,,,,,,,,,,,,,,,,,,
110,ILMN,Illumina,69.0,,1,0,maybe,8/4/18,Healthcare,Diagnostics & Research,,,,,,,,,,,,,,,,
111,IMB.L,Imperial Brands Plc,,,,,,,,,,,,,,,,,,,,,,,,
112,INCY,Incyte Corporation,,,,,,,,,,,,,,,,,,,,,,,,
113,INDUSINDBK.NS,IndusInd Bank Limited,,,,,,,,,,,,,,,,,,,,,,,,
114,INFN,Infinera Corporation,,,,,,,,,,,,,,,,,,,,,,,,
115,INFY.NS,Infosys Limited,,,,,maybe,,,,,,,,,,,,,,,,,,,
116,INTL,INTL FCStone,,,,,,,Financial Services,Capital Markets,,,,,,,,,,,,,,,,
117,INVA,Innoviva,,,,,,,,,,,,,,,,,,,,,,,,
118,IPGP,IPG Photonics Corp,,,,,,,,,,,,,,,,,,,,,,,,
119,IQV,IQVIA Holdings,55.0,3.5,,,,9/8/19,Healthcare,Diagnostics & Research,,,,,,,,,,,,,,,,
120,IR,Ingersoll-Rand PLC,61.0,,1,0,,8/4/18,Industrials,Diversified Industrials,,,,,,,,,,,,,,,,
121,IRM,Iron Mountain,41.0,,1,0,,8/4/18,Real Estate,REIT - Diversified,,,,,,,,,,,,,,,,
122,ISRG,Intuitive Surgical,94.0,,1,0,yes,8/4/18,Healthcare,Medical Instruments & Supplies,,,,,,,,,,,,,,,,
123,ITC.BO,ITC Limited,,,,,,,,,,,,,,,,,,,,,,,,
124,ITRI,Itron,48.0,,1,0,,8/4/18,Technology,Scientific & Technical Instruments,,,,,,,,,,,,,,,,
125,ITV.L,ITV Plc,,,,,,,,,,,,,,,,,,,,,,,,
126,ITX.MC,Industria de Diseno Textil SA,,,,,,,,,,,,,,,,,,,,,,,,
127,JD,"JD.com, Inc.",53.0,3.6,,,maybe,11/3/20,Consumer Cyclical,Specialty Retail,,,,,,,,,,,,,,,,
128,JE/:LN,Just Eat PLC,,,,,,,,,,,,,,,,,,,,,,,,
129,JEC,Jacobs Engineering Group,48.0,,1,0,,8/4/18,Industrials,Engineering & Construction,,,,,,,,,,,,,,,,
130,JMAT.L,Johnson Matthey Plc,,,,,,,,,,,,,,,,,,,,,,,,
131,JMEI,Jumei International Holding Limited,,,,,,,Consumer Cyclical,Specialty Retail,,,,,,,,,,,,,,,,
132,JMIA,Jumia Technologies,,,,,,,,,,,,,,,,,,,,,,,,
133,JSWSTEEL.NS,JSW Steel Limited,,,,,,,,,,,,,,,,,,,,,,,,
134,KEY.TO,Keyera Corp.,,,,,,,,,,,,,,,,,,,,,,,,
135,KEYS,"Keysight Technologies, Inc.",68.0,3.8,,,,9/8/19,Technology,Scientific & Technical Instruments,,,,,,,,,,,,,,,,
136,KIO.JO,Kumba Iron Ore Limited,,,,,,,,,,,,,,,,,,,,,,,,
137,KMX,CarMax,57.0,,1,0,,8/4/18,Consumer Cyclical,Auto & Truck Dealerships,,,,,,,,,,,,,,,,
138,KOPN,Kopin Corporation,,,,,,,,,,,,,,,,,,,,,,,,
139,KORS,Michael Kors Holdings,40.0,,1,0,,8/4/18,Consumer Cyclical,Apparel Manufacturing,,,,,,,,,,,,,,,,
140,KOTAKBANK.NS,Kotak Mahindra Bank,,,,,,,,,,,,,,,,,,,,,,,,
141,KYCCF,Keyence Corp,,,,,,,,,,,,,,,,,,,,,,,,
142,LAZR,Luminar Tech,,,,,,,,,,,,,,,,,,,,,,,,
143,LH,Laboratory Corp. of America,40.0,,1,0,,8/4/18,Healthcare,Diagnostics & Research,,,,,,,,,,,,,,,,
144,LILAK,Liberty Latin America Ltd,,,1,0,,8/4/18,Communication Services,Telecom Services,,,,,,,,,,,,,,,,
145,LLL,L3 Technologies,42.0,,1,0,,8/4/18,Industrials,Aerospace & Defense,,,,,,,,,,,,,,,,
146,LLNW,Limelight Networks,,,,,,,,,,,,,,,,,,,,,,,,
147,LMND,Lemonade,,,,,,,,,,,,,,,,,,,,,,,,
148,LSXMA,Liberty Media,,,,,,,Consumer Cyclical,Broadcasting - Radio,,,,,,,,,,,,,,,,
149,LSXMK,Liberty SiriusXM,,,,,,,,,,,,,,,,,,,,,,,,
150,LULU,Lululemon Athletica Inc.,,,,,,,Consumer Cyclical,Apparel Stores,,,,,,,,,,,,,,,,
151,LYFT,Lyft,,,0,0,too early,,Technology,Software - Application,,,,,,,,,,,,,,,,
152,LYV,Live Nation Entertainment,64.0,,0,0,,8/4/18,Consumer Cyclical,Media - Diversified,,,,,,,,,,,,,,,,
153,MACK,"Merrimack Pharmaceuticals, Inc.",,,,,,,Healthcare,Biotechnology,,,,,,,,,,,,,,,,
154,MARUTI.NS,Maruti Suzuki India Limited,,,,,,,,,,,,,,,,,,,,,,,,
155,MAT,Mattel,18.0,,1,0,,8/4/18,Consumer Cyclical,Leisure,,,,,,,,,,,,,,,,
156,MD,"MEDNAX, Inc.",,,,,,,Healthcare,Medical Care,,,,,,,,,,,,,,,,
157,MELI,MercadoLibre,,,1,0,yes,8/4/18,Consumer Cyclical,Specialty Retail,,,,,,,,,,,,,,,,
158,MGLN,Magellan Health,,,,,,,Healthcare,Health Care Plans,,,,,,,,,,,,,,,,
159,MGNX,"MacroGenics, Inc.",,,,,,,Healthcare,Biotechnology,,,,,,,,,,,,,,,,
160,MHK,Mohawk Industries,64.0,,1,0,,8/4/18,Consumer Cyclical,Home Furnishings & Fixtures,,,,,,,,,,,,,,,,
161,MHO,MI Homes,,,,,,,,,,,,,,,,,,,,,,,,
162,MIDD,Middleby,,,,,,,,,,,,,,,,,,,,,,,,
163,MKL,Markel,,,,,,,Financial Services,Insurance - Property & Casualty,,,,,,,,,,,,,,,,
164,MNDI.L,Mondi Plc,,,,,,,,,,,,,,,,,,,,,,,,
165,MNST,Monster Beverage,63.0,,0,0,yes,8/4/18,Consumer Defensive,Beverages - Soft Drinks,,,,,,,,,,,,,,,,
166,MOD,Modine Manufacturing,,,,,,,,,,,,,,,,,,,,,,,,
167,MOH,Molina Healthcare,,,,,,,Healthcare,Health Care Plans,,,,,,,,,,,,,,,,
168,MOTHERSUMI.NS,Motherson Sumi Systems Limited,,,,,,,,,,,,,,,,,,,,,,,,
169,MRNA,Moderna,,,,,,,,,,,,,,,,,,,,,,,,
170,MTCH,"Match Group, Inc.",,,,,too early,,Technology,Internet Content & Information,,,,,,,,,,,,,,,,
171,MTD,Mettler-Toledo International,,,1,0,,8/4/18,Healthcare,Diagnostics & Research,,,,,,,,,,,,,,,,
172,MTZ,MasTec,,,,,,,Industrials,Engineering & Construction,,,,,,,,,,,,,,,,
173,MYOK,MyoKardia,,,,,,,,,,,,,,,,,,,,,,,,
174,NAV,Navistar International,,,,,,,Industrials,Truck Manufacturing,,,,,,,,,,,,,,,,
175,NCR,NCR,,,,,,,Technology,Information Technology Services,,,,,,,,,,,,,,,,
176,NDA-FI.HE,Nordea Bank Abp,,,,,,,,,,,,,,,,,,,,,,,,
177,NDRO,Enduro Royalty Trust,,,1,0,,8/4/18,,,,,,,,,,,,,,,,,,
178,NEWR,New Relic Inc,,,,,,,,,,,,,,,,,,,,,,,,
179,NFLX,Netflix,77.0,4.0,0,0,yes,11/3/20,Consumer Cyclical,Media - Diversified,,,,,,,,,,,,,,,,
180,NIO,Nio Inc,,,,,too early,,,,,,,,,,,,,,,,,,,
181,NLS,Nautilus,,,,,,,,,,,,,,,,,,,,,,,,
182,NNVC,NanoViricides,,,,,,,,,,,,,,,,,,,,,,,,
183,NOVN.SW,Novartis AG,,,,,,,,,,,,,,,,,,,,,,,,
184,NOVO-B.CO,Novo Nordisk AS,,,,,,,,,,,,,,,,,,,,,,,,
185,NOW,ServiceNow,,,,,,,,,,,,,,,,,,,,,,,,
186,NSIT,Insight Enterprises,,,,,,,Technology,Information Technology Services,,,,,,,,,,,,,,,,
187,NVAX,Novavax,,,,,,,,,,,,,,,,,,,,,,,,
188,NVGS,Navigator Holdings,,,,,,,,,,,,,,,,,,,,,,,,
189,NVR,NVR,,,,,,,Consumer Cyclical,Residential Construction,,,,,,,,,,,,,,,,
190,NXP,Nuveen Select Tax-Free Income Portfolio,,,,,,9/8/19,Financial Services,Asset Management,,,,,,,,,,,,,,,,
191,NXT.L,Next Plc,,,,,,,,,,,,,,,,,,,,,,,,
192,OA,Orbital ATK,66.0,,1,0,,8/4/18,,,,,,,,,,,,,,,,,,
193,OBSV,Observa SA,,,,,,,,,,,,,,,,,,,,,,,,
194,OKTA,Okta,,,,,,,,,,,,,,,,,,,,,,,,
195,OPK,OPKO Health,,,,,,,,,,,,,,,,,,,,,,,,
196,ORLY,OReilly Automotive,,,1,0,,8/4/18,Consumer Cyclical,Specialty Retail,,,,,,,,,,,,,,,,
197,OSTK,Overstock.com,39.0,,1,0,,8/4/18,Consumer Cyclical,Specialty Retail,,,,,,,,,,,,,,,,
198,P,Pandora,37.0,3.7,0,0,,11/3/20,,,,,,,,,,,,,,,,,,
199,PAGS,PagSeguro Digital Ltd,,,,,,,,,,,,,,,,,,,,,,,,
200,PANW,"Palo Alto Networks, Inc.",,,,,maybe,,Technology,Software - Application,,,,,,,,,,,,,,,,
201,PAYC,Paycom Software,,,,,,,,,,,,,,,,,,,,,,,,
202,PBYI,Puma Biotech,,,,,,,,,,,,,,,,,,,,,,,,
203,PCG,PG&E Corp.,37.0,,1,0,,8/4/18,Utilities,Utilities - Regulated Electric,,,,,,,,,,,,,,,,
204,PCLN,Priceline Group,36.0,,0,0,,8/4/18,Consumer Discretionary,Internet & Direct Marketing Retail,,,,,,,,,,,,,,,,
205,PD,Pagerduty,,,1,0,,,Technology,Software - Application,,,,,,,,,,,,,,,,
206,PENN,Penn National Gaming Inc,,,,,,,,,,,,,,,,,,,,,,,,
207,PFGC,Performance Food Group,41.0,,1,0,,8/4/18,Consumer Defensive,Food Distribution,,,,,,,,,,,,,,,,
208,PGNX,"Progenics Pharmaceuticals, Inc.",,,,,,,Healthcare,Biotechnology,,,,,,,,,,,,,,,,
209,PIR,Pier 1 Imports,40.0,,0,0,,8/4/18,Consumer Cyclical,Specialty Retail,,,,,,,,,,,,,,,,
210,PLNT,Planet Fitness,,,,,,,,,,,,,,,,,,,,,,,,
211,PLUG,Plug Power,,,,,,,,,,,,,,,,,,,,,,,,
212,POST,Post Holdings,39.0,2.7,,,,9/8/19,Consumer Defensive,Packaged Foods,,,,,,,,,,,,,,,,
213,POWERGRID.NS,Power Grid Corporation of India Limited,,,,,,,,,,,,,,,,,,,,,,,,
214,PTON,Peloton Interactive,,,,,,,,,,,,,,,,,,,,,,,,
215,PUSH,Publix Super Markets,,,,,,,,,,,,,,,,,,,,,,,,
216,PYPL,PayPal Holdings,63.0,,0,0,yes,8/4/18,Financial Services,Credit Services,,,,,,,,,,,,,,,,
217,QQQ,Invesco QQQ Trust Series 1 NASDAQ ETF,,,0,0,yes,,,,,,,,,,,,,,,,,,,
218,QRTEA,Qurate Retail,,,,,,,Consumer Cyclical,Specialty Retail,,,,,,,,,,,,,,,,
219,QTT,Qutoutiao,,,,,,,,,,,,,,,,,,,,,,,,
220,QTWO,Q2 Holdings,,,,,,,,,,,,,,,,,,,,,,,,
221,RAD,Rite Aid,,,,,,,Consumer Defensive,Pharmaceutical Retailers,,,,,,,,,,,,,,,,
222,RAMP,LiveRamp Holdings,,,,,,,,,,,,,,,,,,,,,,,,
223,RCUS,Arcus Biosciences,,,,,,,,,,,,,,,,,,,,,,,,
224,REGN,Regeneron Pharmaceuticals,70.0,,1,0,,8/4/18,Healthcare,Biotechnology,,,,,,,,,,,,,,,,
225,RELIANCE.NS,Reliance Industries Limited,,,,,,,,,,,,,,,,,,,,,,,,
226,RHT,Red Hat Inc,,,,,,,,,,,,,,,,,,,,,,,,
227,RLGY,Realogy Holdings,,,,,,,Real Estate,Real Estate Services,,,,,,,,,,,,,,,,
228,RNG,RingCentral Inc,,,,,,,,,,,,,,,,,,,,,,,,
229,RNWK,RealNetworks,,,,,,,,,,,,,,,,,,,,,,,,
230,ROKU,"Roku, Inc.",,,,,maybe,,Communication Services,Pay TV,,,,,,,,,,,,,,,,
231,ROX,Castle Brands,,,,,,,,,,,,,,,,,,,,,,,,
232,RP,Realpage,,,,,,,,,,,,,,,,,,,,,,,,
233,RUN,Sunrun,,,,,,,,,,,,,,,,,,,,,,,,
234,SANM,Sanmina,,,,,,,Technology,Electronic Components,,,,,,,,,,,,,,,,
235,SCC.BK,Siam Cement Public Company Limited,,,,,,,,,,,,,,,,,,,,,,,,
236,SDRL,Seadrill,,,,,,,,,,,,,,,,,,,,,,,,
237,SEDG,SolarEdge,,,,,,,,,,,,,,,,,,,,,,,,
238,SFM,Sprouts Farmers Market,,,1,0,,8/4/18,Consumer Defensive,Grocery Stores,,,,,,,,,,,,,,,,
239,SGEN,"Seattle Genetics, Inc.",90.0,4.1,,,,11/3/20,Healthcare,Biotechnology,,,,,,,,,,,,,,,,
240,SHOP,Shopify,81.0,4.2,,yes,yes,11/3/20,,,,,,,,,,,,,,,,,,
241,SKX,Sketchers,,,,,,,,,,,,,,,,,,,,,,,,
242,SMDS.L,DS Smith Plc,,,,,,,,,,,,,,,,,,,,,,,,
243,SNDL,Sundial Growers,,,,,,,,,,,,,,,,,,,,,,,,
244,SNOW,Snowflake,,,,,,,,,,,,,,,,,,,,,,,,
245,SNPS,Synopsys,,,,,,,,,,,,,,,,,,,,,,,,
246,SOHU,Sohu.com Limited,,,1,0,,8/4/18,Technology,Internet Content & Information,,,,,,,,,,,,,,,,
247,SPCE,Virgin Galactic,70.0,3.8,,,too early,11/3/20,,,,,,,,,,,,,,,,,,
248,SPPI,"Spectrum Pharmaceuticals, Inc.",,,,,,,Healthcare,Biotechnology,,,,,,,,,,,,,,,,
249,SPWH,Sportsman Warehouse,,,,,,,,,,,,,,,,,,,,,,,,
250,SQ,Square,74.0,4.0,yes,yes,maybe,11/3/20,,,,,,,,,,,,,,,,,,
251,SRI,"Stoneridge, Inc.",,,,,,,Consumer Cyclical,Auto Parts,,,,,,,,,,,,,,,,
252,SRNE,Sorrento Therapeutics,,,,,,,,,,,,,,,,,,,,,,,,
253,SSNLF,Samsung Electron,,,,,,,,,,,,,,,,,,,,,,,,
254,SSY,Sysco,,,,,,,Healthcare,Medical Care,,,,,,,,,,,,,,,,
255,SSYS,Stratasys Ltd,,,,,,,Technology,Computer Systems,,,,,,,,,,,,,,,,
256,ST,Sensata Technologies Holding plc,31.0,3.2,,,,9/8/19,Technology,Scientific & Technical Instruments,,,,,,,,,,,,,,,,
257,STFGX,State Farm Insurance,,,,,yes,,,,,,,,,,,,,,,,,,,
258,STI,SunTrust Banks,,,1,0,,8/4/18,Financial Services,Banks - Regional - US,,,,,,,,,,,,,,,,
259,STNE,StoneCo,,,,,,,Technology,Software - Application,,,,,,,,,,,,,,,,
260,SVU,Supervalu,,,1,0,,8/4/18,Consumer Defensive,Grocery Stores,,,,,,,,,,,,,,,,
261,SWI,Solarwinds,,,,,,,,,,,,,,,,,,,,,,,,
262,SWIR,"Sierra Wireless, Inc.",,,,,,,Technology,Communication Equipment,,,,,,,,,,,,,,,,
263,SYMC,Symantec,48.0,,0,0,,8/4/18,Technology,Software - Application,,,,,,,,,,,,,,,,
264,TA,TravelCenters of America,,,,,,,Consumer Cyclical,Specialty Retail,,,,,,,,,,,,,,,,
265,TAL,TAL Education Group,,,,,,,,,,,,,,,,,,,,,,,,
266,TATN.ME,PJSC Tatneft,,,,,,,,,,,,,,,,,,,,,,,,
267,TCS,Tata Consultancy Services,60.0,,1,0,yes,8/4/18,Consumer Cyclical,Specialty Retail,,,,,,,,,,,,,,,,
268,TDG,TransDigm Group,10.0,1.8,1,0,maybe,9/8/19,Industrials,Aerospace & Defense,,,,,,,,,,,,,,,,
269,TEAM,Atlassian Corporation,,,,,yes,,,,,,,,,,,,,,,,,,,
270,TECD,Tech Data,56.0,3.3,,,maybe,9/8/19,Technology,Computer Distribution,,,,,,,,,,,,,,,,
271,TECHM.NS,Tech Mahindra Limited,,,,,,,,,,,,,,,,,,,,,,,,
272,TEN,Tenneco,,,,,,,Consumer Cyclical,Auto Parts,,,,,,,,,,,,,,,,
273,TEVA,Teva Pharmaceutical Industries,,,1,0,,8/4/18,Healthcare,Drug Manufacturers - Specialty & Generic,,,,,,,,,,,,,,,,
274,THC,Tenet Healthcare,,,,,,,Healthcare,Medical Care,,,,,,,,,,,,,,,,
275,THS,TreeHouse Foods,,,,,,,Consumer Defensive,Packaged Foods,,,,,,,,,,,,,,,,
276,TIVO,TiVo Corporation,,,,,,,Technology,Software - Application,,,,,,,,,,,,,,,,
277,TLRY,Tilray Cannabis,,,,,,,,,,,,,,,,,,,,,,,,
278,TPX,"Tempur Sealy International, Inc.",,,,,,,Consumer Cyclical,Home Furnishings & Fixtures,,,,,,,,,,,,,,,,
279,TRIP,TripAdvisor,38.0,,0,0,,8/4/18,Consumer Cyclical,Leisure,,,,,,,,,,,,,,,,
280,TRXC,TransEnterix,,,,,,,,,,,,,,,,,,,,,,,,
281,TSLA,Tesla,56.0,3.6,1,0,pass,11/3/20,Consumer Cyclical,Auto Manufacturers,,,,,,,,,,,,,,,,
282,TSS,Total System Services,44.0,,1,0,,8/4/18,Technology,Software - Infrastructure,,,,,,,,,,,,,,,,
283,TTD,"The Trade Desk, Inc.",86.0,3.7,,,maybe,11/3/20,Technology,Software - Application,,,,,,,,,,,,,,,,
284,TUP,Tupperware Brands Corporation,,,,,,,Consumer Cyclical,Packaging & Containers,,,,,,,,,,,,,,,,
285,TWLO,Twilio,,,,,yes,,,,,,,,,,,,,,,,,,,
286,TWX,Time Warner,46.0,,0,0,,8/4/18,Consumer Discretionary,Broadcasting & Cable TV,,,,,,,,,,,,,,,,
287,UBER,Uber,,,1,0,too early,,Technology,Software - Application,,,,,,,,,,,,,,,,
288,UBX,Unity Biotechnology,,,,,,,Healthcare,Biotechnology,,,,,,,,,,,,,,,,
289,ULTA,Ulta Beauty,47.0,,1,0,,8/4/18,Consumer Cyclical,Specialty Retail,,,,,,,,,,,,,,,,
290,ULTI,Ultimate Software,93.0,,1,0,,8/4/18,Technology,Software - Infrastructure,,,,,,,,,,,,,,,,
291,UNVR,Univar,,,,,,,Basic Materials,Chemicals,,,,,,,,,,,,,,,,
292,VAR,Varian Medical Systems,60.0,,1,0,,8/4/18,Healthcare,Medical Instruments & Supplies,,,,,,,,,,,,,,,,
293,VC,Visteon,34.0,,1,0,,8/4/18,Consumer Cyclical,Auto Parts,,,,,,,,,,,,,,,,
294,VEEV,Veeva Systems Inc,,,,,,,,,,,,,,,,,,,,,,,,
295,VIAC,ViacomCBS,39.0,,1,0,,8/4/18,Consumer Cyclical,Media - Diversified,,,,,,,,,,,,,,,,
296,VIPS,Vipshop Holdings Limited,,,,,,,Consumer Cyclical,Specialty Retail,,,,,,,,,,,,,,,,
297,VLDR,Velodyne Lidar,,,,,too early,,,,,,,,,,,,,,,,,,,
298,VOO,Vanguard SP 500 ETF,,,,,,,,,,,,,,,,,,,,,,,,
299,VSAT,Visasat,,,,,,,,,,,,,,,,,,,,,,,,
300,WAT,Waters,77.0,,1,0,,8/4/18,Healthcare,Diagnostics & Research,,,,,,,,,,,,,,,,
301,WB,Weibo Corporation,,,,,,,Technology,Internet Content & Information,,,,,,,,,,,,,,,,
302,WBAI,500.com Limited,,,,,,,Consumer Cyclical,Gambling,,,,,,,,,,,,,,,,
303,WCC,WESCO International,26.0,,1,0,,8/4/18,Industrials,Industrial Distribution,,,,,,,,,,,,,,,,
304,WCG,WellCare Health Plans,66.0,3.8,1,0,maybe,9/8/19,Healthcare,Health Care Plans,,,,,,,,,,,,,,,,
305,WDAY,Workday,,,0,0,maybe,,Technology,Software - Application,,,,,,,,,,,,,,,,
306,WIPRO.BO,Wipro Limited,,,,,,,,,,,,,,,,,,,,,,,,
307,WIX,Wix.com,,,,,maybe,,,,,,,,,,,,,,,,,,,
308,WLTW,Willis Towers Watson,53.0,,1,0,,8/4/18,Financial Services,Insurance Brokers,,,,,,,,,,,,,,,,
309,WTB.L,Whitbread Plc,,,,,,,,,,,,,,,,,,,,,,,,
310,WTR,Aqua America Stock,,,,0,yes,,Utilities,Utilities - Regulated Water,,,,,,,,,,,,,,,,
311,WUBA,58.com Inc.,,,,,,9/8/19,Technology,Internet Content & Information,,,,,,,,,,,,,,,,
312,WYN,Wyndham Worldwide,43.0,,0,0,,8/4/18,Consumer Discretionary,"Hotels, Resorts & Cruise Lines",,,,,,,,,,,,,,,,
313,XHW,Sherwin-Williams,,,,,yes,,,,,,,,,,,,,,,,,,,
314,XL,XL Catlin,53.0,,1,0,,8/4/18,Financials,Property & Casualty Insurance,,,,,,,,,,,,,,,,
315,XYF,X Financials,,,,,,,,,,,,,,,,,,,,,,,,
316,Y,Alleghany,,,,,,9/8/19,Financial Services,Insurance - Property & Casualty,,,,,,,,,,,,,,,,
317,YESBANK.NS,Yes Bank Limited,,,,,,,,,,,,,,,,,,,,,,,,
318,YEXT,Yext,,,,,,,,,,,,,,,,,,,,,,,,
319,ZAYO,Zayo,,,,,,,,,,,,,,,,,,,,,,,,
320,ZG,"Zillow Group, Inc.",,,,,maybe,,Real Estate,Real Estate Services,,,,,,,,,,,,,,,,
321,ZM,Zoom,94.0,4.8,0,0,yes,,Communication Services,Telecom Services,,,,,,,,,,,,,,,,
