ticker,webscrape_date,net_income,ft_employee,div_yield,one_year,three_year,five_year,ten_year,fifteen_year,rd,peg,profit_margin,roa,roe
CRWD,1/1/21,-102,nan,—,324.74,—,—,—,—,187,28.2,-13.4,-6.79,-13.33
CSGP,1/1/21,279,nan,—,54.48,46.01,34.93,32,22.66,158,3.1,17.57,5.31,6.48
CYH,1/1/21,-173,nan,—,156.21,20.37,-16.5,-11.5,-7.98,—,0,nan,nan,nan
DASH,1/1/21,-283,nan,—,—,—,—,—,—,146,0,nan,nan,nan
DDOG,1/1/21,-7,nan,—,160.56,—,—,—,—,179,0,-1.39,-0.53,-0.88
DF,1/1/21,-15,nan,nan,nan,nan,nan,nan,nan,—,0,nan,nan,nan
DISCK,1/1/21,1424,nan,—,-14.1,7.35,0.76,3.62,—,—,1,10.06,3.24,10.94
DNN,1/1/21,-15,nan,—,55.9,5.56,5.37,-15.34,-13.82,—,0,-102.81,-4.98,-7.11
DOMO,1/1/21,-95,nan,—,193.6,—,—,—,—,67,0,nan,nan,nan
DYNT,1/1/21,-4,nan,—,-2.42,-34.51,-22.83,-12.7,-13.55,—,0,-9.81,-12.17,-47.88
EADSF,1/1/21,-6234,nan,—,-22.93,5.18,11.53,18.02,—,3240,0,-11.44,-5.48,-187.74
ECPG,1/1/21,218,nan,—,10.15,-2.56,6.02,5.21,5.54,—,0.2,14.84,4.61,21.28
EXAS,1/1/21,-334,nan,—,43.26,36.11,70.37,36.32,31.38,151,0,-25.27,-10.92,-21.63
EXPR,1/1/21,-494,nan,—,-81.31,-55.24,-44.5,-26.13,—,—,0,-35.66,-26.34,-161.94
FB,1/1/21,25276,nan,—,33.09,15.68,21.15,—,—,17118,0.9,32.01,18.66,23.88
FFIV,1/1/21,307,nan,—,25.99,10.27,12.66,3.06,12.88,441,1,13.08,7.62,15.4
FISV,1/1/21,905,nan,—,-1.53,20.2,20.01,22.77,16.99,—,1.3,6.01,1.2,2.81
FIVE,1/1/21,110,nan,—,36.85,38.18,40.38,—,—,—,1.9,6.13,5.48,15.74
FLT,1/1/21,730,nan,—,-5.18,12.34,13.8,24.33,—,—,1.2,29.54,6.34,21.35
FMCC,1/1/21,7005,nan,—,-22.43,-2.58,7.54,22.56,-14.27,—,0,nan,nan,nan
FSLR,1/1/21,223,nan,—,76.77,13.58,8.43,-2.71,—,96,1.1,6.38,3.18,4.22
FTNT,1/1/21,455,nan,—,39.13,50.36,36.65,24.82,—,324,2.4,18.51,12.75,47.53
GIII,1/1/21,34,nan,—,-29.13,-13.66,-11.71,3.05,11.59,—,0,1.5,1.27,2.66
GL,1/1/21,715,nan,—,-9.08,2.26,11.42,14.21,9.87,—,0,15.38,2.65,9.2
GL,1/1/21,715,nan,—,-9.08,2.26,11.42,14.21,9.87,—,0,15.38,2.65,9.2
GLUU,1/1/21,7,nan,—,48.93,35.27,29.96,15.84,—,115,1.1,1.44,1.41,2.55
GME,1/1/21,-275,nan,—,209.87,4.93,-3.27,2.18,3.94,—,0,-5.32,-9.56,-57.9
GNW,1/1/21,-106,nan,—,-14.09,6.72,0.27,-11.71,-12.26,—,0,-1.26,-0.1,-0.73
GOOG,1/1/21,35713,nan,—,31.03,18.74,18.21,—,—,27773,1.5,20.8,12.7,17.51
GOOGL,1/1/21,35713,nan,—,30.85,18.49,17.64,14.58,12.15,27773,1.5,20.8,12.7,17.51
GRUB,1/1/21,-116,nan,—,52.69,1.13,25.14,—,—,—,13.2,-6.99,-4.83,-7.81
HDB,1/1/21,282856,nan,—,14.03,12.8,18.98,16.07,19.58,—,0,33.91,1.88,15.75
HLF,1/1/21,356,nan,—,0.8,12.37,12.38,11.28,12.95,—,0,nan,nan,nan
HMI,1/1/21,321,nan,—,-1.41,—,—,—,—,549,0,4.88,5.72,12.92
HOLX,1/1/21,1115,nan,—,39.49,19.43,13.49,14.49,9.39,223,0.5,29.53,16.35,46.27
HSC,1/1/21,19,nan,—,-21.86,-1.21,18,-2.44,-1.75,4,2.3,1.09,0.7,2.7
IBN,1/1/21,139214,nan,—,-1.52,15.35,16.29,5.52,7.81,—,0,12.53,1.01,10.57
ICON,1/1/21,-88,nan,—,-6.67,-53.95,-55,-39.54,-25.39,—,0,nan,nan,nan
IDXX,1/1/21,497,nan,—,91.43,47.31,46.96,30.61,24.81,138,6.1,19.2,26.19,154.74
IHRT,1/1/21,101,nan,—,-23.2,—,—,—,—,—,4.6,nan,nan,nan
IIVI,1/1/21,5,nan,—,125.6,17.4,32.56,12.6,15.34,381,0,-0.04,-0.02,-0.05
ILMN,1/1/21,638,nan,—,11.53,19.19,14.03,19.3,30.22,644,2.4,19.7,8.8,13.96
INCY,1/1/21,-335,nan,—,-0.39,-2.8,-4.32,18.04,20.45,2123,0.9,-13.62,-10.26,-13.9
INFN,1/1/21,-263,nan,—,31.99,18.3,-10.37,0.14,—,270,0,-19,-17.12,-67.89
INVA,1/1/21,216,nan,—,-12.5,-4.42,3.29,-2.64,-1.06,2,0,67.16,27.09,57.52
IPGP,1/1/21,106,nan,—,54.42,1.48,20.21,21.65,—,126,0,9.04,3.83,4.36
IQV,1/1/21,176,nan,—,15.96,22.32,21.15,—,—,—,1.3,1.61,0.75,2.94
IR,1/1/21,-159,nan,—,24.21,10.32,—,—,—,—,2.3,-3.97,-1.58,-3.01
IRM,1/1/21,133,nan,—,0.26,-0.85,8.72,8.28,4.67,—,0,3.19,0.98,10.86
ISRG,1/1/21,1053,nan,—,38.39,30.88,35.06,25.28,22.48,602,6,24.45,10.67,12.38
ITRI,1/1/21,-65,nan,—,14.23,12.03,21.53,5.63,6,201,0,-2.85,-2.28,-8.59
JD,1/1/21,28717,nan,—,149.5,28.51,22.19,—,—,15237,1.1,4.15,9.26,25.36
JEC,1/1/21,3,nan,nan,84.62,8.1,-2.33,-12.38,-6.88,—,0,17.56,5.08,18.15
JMIA,1/1/21,-177,nan,—,499.55,—,—,—,—,—,0,-120.5,-64.97,-110.72
KEYS,1/1/21,627,nan,—,28.71,46.98,36.06,—,—,715,0,14.85,9.06,19.9
KMX,1/1/21,690,nan,—,7.74,13.78,11.85,11.47,13.66,—,1.6,3.76,3.33,18.17
KOPN,1/1/21,-13,nan,—,505.83,-8.77,-2.23,-5.23,-5.13,6,0,-37.11,-29.13,-43.78
KYCCF,1/1/21,183856,nan,—,58.92,26.56,32.69,27.56,—,—,5.5,35.8,10.1,10.55
LH,1/1/21,845,nan,—,20.32,8.47,10.48,8.76,9.27,—,1.9,6.79,4.62,10.92
LILAK,1/1/21,-616,nan,—,-40.05,-16.8,-22.96,—,—,—,0,-16.91,-4.38,-21.24
LLNW,1/1/21,-9,nan,—,-2.21,-3.28,22.27,-3.69,—,22,0,-3.62,-3.2,-5.07
LMND,1/1/21,-121,nan,—,—,—,—,—,—,—,0,-124.46,-14.56,-21.28
LSXMA,1/1/21,264,nan,—,-10.65,2.88,—,—,—,—,0,3.34,0.84,2.63
LSXMK,1/1/21,264,nan,—,-8.12,3.7,—,—,—,—,0,3.34,0.84,2.63
LULU,1/1/21,557,nan,—,50.23,64.22,46,26.11,—,—,3.1,13.69,17.19,29.23
LYFT,1/1/21,-1651,nan,—,14.2,—,—,—,—,971,0,-58.71,-30.85,-66.13
LYV,1/1/21,-1441,nan,—,2.81,19.96,24.5,20.46,12.18,—,0,-32.63,-14.12,-247.92
MACK,1/1/21,1,nan,—,118.73,-4.65,-24.42,—,—,—,0,nan,nan,nan
MAT,1/1/21,-4,nan,—,28.78,4.3,-6.06,0.42,4.42,—,0,-0.08,-0.07,-0.87
MD,1/1/21,-723,nan,—,-11.69,-22.85,-19.29,-3.11,0.69,—,0,-20.6,-18.74,-63.29
MELI,1/1/21,-4,nan,—,192.9,74.61,71.09,38.08,—,294,0,-0.39,-0.25,-0.69
MGLN,1/1/21,134,nan,—,5.87,-4.98,6.08,5.77,6.67,—,0,1.88,4.11,9.11
MGNX,1/1/21,-158,nan,—,110.11,6.36,-5.89,—,—,203,0,-204.24,-43.55,-57.81
MHK,1/1/21,532,nan,—,3.35,-20.06,-5.74,9.52,3.27,—,0,5.7,3.92,6.68
MHO,1/1/21,202,nan,—,12.55,8.79,15.1,11.16,0.62,—,0,6.99,8.76,18.93
MIDD,1/1/21,264,nan,—,17.71,-1.51,3.63,16.44,15.73,—,0,10.28,5.32,13.61
MKL,1/1/21,480,nan,—,-9.61,-3.2,3.19,10.58,8.19,—,0,5.06,1.17,4.11
MNST,1/1/21,1193,nan,—,45.52,13.48,13.25,26.64,24.92,—,2.8,26.99,22.02,27.3
MOD,1/1/21,-6,nan,—,63.12,-14.65,6.77,-2.08,-5.28,—,0,-0.31,-0.36,-1.06
MOH,1/1/21,807,nan,—,56.74,40.5,28.74,27.61,18,—,0,4.39,11.07,40.03
MRNA,1/1/21,-598,nan,—,434.1,—,—,—,—,729,0,-242.34,-19.16,-29.81
MTCH,1/1/21,88,nan,—,69.26,51.08,47.67,30.96,14.73,357,2.9,1.77,1.61,12.16
MTD,1/1/21,579,nan,—,43.67,22.53,27.43,22.38,22.36,136,5.8,19.36,21.44,131.43
MTZ,1/1/21,311,nan,—,6.27,11.68,31.44,16.67,13.3,—,0,4.86,6.18,17.51
NAV,1/1/21,-347,nan,—,51.9,0.83,37.82,-2.72,2.9,321,0,nan,nan,nan
NCR,1/1/21,467,nan,—,6.85,3.39,8.96,9.35,4.26,243,0,6.84,4.84,46.02
NEWR,1/1/21,-132,nan,—,-0.47,4.22,12.41,—,—,165,181.7,-20.65,-11.07,-34.92
NFLX,1/1/21,2806,nan,—,67.11,41.23,36.44,35.93,39.01,1752,2.3,11.78,8.07,32.64
NIO,1/1/21,-7012,nan,—,1112.44,—,—,—,—,2685,0,-56.26,-27.37,-314.06
NLS,1/1/21,34,nan,—,936.57,10.76,1.64,26.13,0.06,15,0,7.36,14.73,33.09
NNVC,1/1/21,-14,nan,—,14.34,-45.37,-34.39,-30.08,-18.55,5,0,nan,nan,nan
NOW,1/1/21,701,nan,—,94.97,61.62,44.77,—,—,942,3.1,16.6,11.24,34.15
NSIT,1/1/21,162,nan,—,8.25,25.72,24.81,19.18,9.46,—,1.2,1.94,4.15,13.71
NVAX,1/1/21,-273,nan,—,2701.76,65.05,-7.85,8.66,2.5,375,0,nan,nan,nan
NVGS,1/1/21,-7,nan,—,-18.71,3.59,-4.31,7.46,—,—,0,-2.06,-0.36,-0.7
NVR,1/1/21,852,nan,—,7.13,5.16,19.95,19.43,12.45,—,0,11.85,18.25,32.22
OBSV,1/1/21,-85,nan,—,-45.55,-40.27,—,—,—,70,0,nan,nan,nan
OKTA,1/1/21,-241,nan,—,120.39,114.93,—,—,—,204,254.3,-31.38,-9.56,-44.67
OPK,1/1/21,-114,nan,—,168.71,-6.93,-17.04,0.74,16.3,81,0,-9.79,-4.81,-6.99
ORLY,1/1/21,1684,nan,—,3.27,23.45,12.3,22.31,19.31,—,1.2,14.96,14.72,384.78
OSTK,1/1/21,16,nan,—,580.43,-9.12,31.39,11.3,3.63,—,0,0.57,2.05,5.51
PAGS,1/1/21,1308,nan,—,66.51,—,—,—,—,—,0,21.16,8.27,15.84
PANW,1/1/21,-300,nan,—,53.68,34.85,15.07,—,—,835,3,-8.36,-3.85,-26.47
PAYC,1/1/21,164,nan,—,70.82,77.9,64.43,—,—,83,4.6,20.2,8.07,29.7
PBYI,1/1/21,-56,nan,—,17.26,-53,-33.42,—,—,104,0,-23.87,-22.77,-671.97
PCG,1/1/21,-5121,nan,—,14.63,-34.74,-21.42,-6.27,-0.81,—,0,-27.81,-5.66,-34.75
PD,1/1/21,-57,nan,—,78.28,—,—,—,—,61,0,-28.57,-9.55,-16.85
PENN,1/1/21,-773,nan,—,237.91,40.22,40.07,14.11,9.67,—,0,-19.86,-5.31,-33.98
PFGC,1/1/21,-151,nan,—,-7.52,12.88,15.52,—,—,—,0.9,-0.58,-2.17,-9
PIR,1/1/21,19263,nan,nan,nan,nan,nan,nan,nan,—,1.5,3.51,1.62,10.55
PLNT,1/1/21,6,nan,—,3.95,30.88,38.76,—,—,—,0,nan,nan,nan
PLUG,1/1/21,-104,nan,—,973.1,143.11,74.26,24.77,-2.72,41,0,-33.76,-10.1,-34.43A,nan,nan,04/17/21,810,nan,0.58,71.85,26.04,27.45,12.48,10.11,494,2.7,14.65,8.45,16.78
AAPL,nan,nan,04/17/21,63930,nan,0.67,88.33,45.89,38.05,28.12,31.20,19464,3.0,21.73,18.41,82.09
ABT,nan,nan,04/17/21,4495,nan,1.28,31.22,29.44,24.66,12.60,10.17,2420,3.1,12.99,6.4,14.08
ADBE,nan,nan,04/17/21,5566,nan,nan,53.22,32.34,40.72,31.29,19.31,2276,2.7,40.68,24.1,46.36
AMGN,nan,nan,04/17/21,7264,nan,2.64,13.59,16.88,12.03,18.10,10.01,4207,1.8,28.57,11.84,76.13
BLK,nan,nan,04/17/21,4932,nan,1.99,80.06,17.55,19.51,16.73,13.24,—,2.9,30.44,2.85,14.33
CLX,nan,nan,04/17/21,1225,nan,2.28,-0.70,16.70,10.54,12.30,9.47,153,3.4,16.28,19.9,140.89
DXCM,nan,nan,04/17/21,494,nan,nan,30.61,76.25,43.04,37.97,21.95,360,11.9,25.62,14.77,36.44
HD,nan,nan,04/17/21,12866,nan,2.01,67.24,25.44,21.05,25.14,15.64,—,3.6,nan,nan,nan
HSY,nan,nan,04/17/21,1279,nan,2.01,12.87,20.66,13.36,12.39,9.22,—,5.1,15.69,14.81,64.36
JNJ,nan,nan,04/17/21,14714,nan,2.46,11.10,9.64,10.34,12.31,8.70,12159,1.8,17.82,8.85,23.97
JPM,nan,nan,04/17/21,29131,nan,2.36,79.66,14.02,22.04,14.55,10.13,—,2.5,22.93,0.9,11.34
KMB,nan,nan,04/17/21,2352,nan,3.13,2.75,12.42,3.15,10.52,8.33,—,5.1,12.29,14.34,793.25
LRCX,nan,nan,04/17/21,2964,nan,0.85,139.65,47.84,51.94,29.01,19.34,1377,1.3,24.85,21.73,59.72
MSFT,nan,nan,04/17/21,51310,nan,0.91,48.49,41.46,37.11,26.90,16.78,19926,2.4,33.47,17.48,42.7
NKE,nan,nan,04/17/21,3428,nan,0.78,56.84,26.92,18.42,21.75,19.03,—,1.6,8.9,10.99,32.69
NVDA,nan,nan,04/17/21,4332,nan,0.12,116.20,40.23,76.69,42.38,26.11,3924,3.9,25.98,18.79,29.78
PEP,nan,nan,04/17/21,7496,nan,2.89,9.30,12.33,9.32,9.99,7.94,—,3.3,10.51,8.5,54.69
PG,nan,nan,04/17/21,13848,nan,2.34,15.57,23.00,12.91,9.81,7.67,—,3.6,18.36,11.72,29.55
PYPL,nan,nan,04/17/21,4202,nan,nan,149.16,51.38,47.56,nan,nan,—,2.7,19.59,6.9,22.77
SQ,nan,nan,04/17/21,213,nan,nan,346.79,75.93,78.01,nan,nan,882,5.6,2.24,2.96,9.69
TSLA,nan,nan,04/17/21,690,nan,nan,396.36,133.32,70.79,64.44,nan,1491,4.6,2.19,1.6,4.78
